{"cameraMode":{"drawMode":0,"name":"Shaded","section":"Shading Mode"},"sceneLighting":true,"audioPlay":false,"sceneViewState":{"m_AlwaysRefresh":false,"showFog":true,"showSkybox":true,"showFlares":true,"showImageEffects":true,"showParticleSystems":true,"showVisualEffectGraphs":true,"m_FxEnabled":true},"in2DMode":false,"pivot":{"x":-2.731637954711914,"y":-1.1350913047790528,"z":20.20902442932129},"rotation":{"x":-0.07039438188076019,"y":0.03709299862384796,"z":-0.0026212160009890796,"w":-0.9968389272689819},"size":12.236827850341797,"orthographic":false}