{"cameraMode":{"drawMode":0,"name":"Shaded","section":"Shading Mode"},"sceneLighting":false,"audioPlay":false,"sceneViewState":{"m_AlwaysRefresh":false,"showFog":true,"showSkybox":false,"showFlares":true,"showImageEffects":true,"showParticleSystems":true,"showVisualEffectGraphs":true,"m_FxEnabled":true},"in2DMode":false,"pivot":{"x":-0.11392153054475784,"y":2.752426862716675,"z":0.7509117126464844},"rotation":{"x":-0.000009412508916284423,"y":0.9999455213546753,"z":0.010499602183699608,"w":0.0008980000857263804},"size":7.5803141593933109,"orthographic":false}